Amino_Acid,Symbol,Abbreviation,Polarity
TTT,F,Phe,nonpolar
TTC,F,Phe,nonpolar
TTA,L,Leu,nonpolar
TTG,L,Leu,nonpolar
TCT,S,Ser,polar
TCC,S,Ser,polar
TCA,S,Ser,polar
TCG,S,Ser,polar
TAT,Y,Tyr,nonpolar
TAC,Y,Tyr,nonpolar
TAA,*,Ter,stop
TAG,*,Ter,stop
TGT,C,Cys,polar
TGC,C,Cys,polar
TGA,*,Ter,stop
TGG,W,Trp,nonpolar
CTT,L,Leu,nonpolar
CTC,L,Leu,nonpolar
CTA,L,Leu,nonpolar
CTG,L,Leu,nonpolar
CCT,P,Pro,nonpolar
CCC,P,Pro,nonpolar
CCA,P,Pro,nonpolar
CCG,P,Pro,nonpolar
CAT,H,His,basic
CAC,H,His,basic
CAA,Q,Gln,polar
CAG,Q,Gln,polar
CGT,R,Arg,basic
CGC,R,Arg,basic
CGA,R,Arg,basic
CGG,R,Arg,basic
ATT,I,Ile,nonpolar
ATC,I,Ile,nonpolar
ATA,I,Ile,nonpolar
ATG,M,Met,nonpolar
ACT,T,Thr,polar
ACC,T,Thr,polar
ACA,T,Thr,polar
ACG,T,Thr,polar
AAT,N,Asn,polar
AAC,N,Asn,polar
AAA,K,Lys,basic
AAG,K,Lys,basic
AGT,S,Ser,polar
AGC,S,Ser,polar
AGA,R,Arg,basic
AGG,R,Arg,basic
GTT,V,Val,nonpolar
GTC,V,Val,nonpolar
GTA,V,Val,nonpolar
GTG,V,Val,nonpolar
GCT,A,Ala,nonpolar
GCC,A,Ala,nonpolar
GCA,A,Ala,nonpolar
GCG,A,Ala,nonpolar
GAT,D,Asp,acidic
GAC,D,Asp,acidic
GAA,E,Glu,acidic
GAG,E,Glu,acidic
GGT,G,Gly,nonpolar
GGC,G,Gly,nonpolar
GGA,G,Gly,nonpolar
GGG,G,Gly,nonpolar
